Id,Date,Topic,Text,Rank,Reasoning
141424,2000-06-14,"הצעות לסדר-היום הטלת קנס על רשת ""מקדונלד'ס"" בגין העסקת נערים בשבת","מי זה? מי מפחיד את הציבור?

אדוני היושב-ראש, חברי חברי הכנסת, לכאורה הדיון הוא על העסקת נערים יהודים בשבת, אבל אני אומרת לכם, שהדיון הוא על דמותה של החברה הישראלית, הדיון הוא על המאבק בכפייה הדתית והדיון הוא על זכותם של נערים לבחור באיזה יום הם רוצים לעבוד, וחברי חברי הכנסת - גם ביום שבת.

אני לא אמרתי. ואני שואלת, חברי חברי הכנסת - - -

אני שואלת, חברי חברי הכנסת, מה טעם מצא לו - - -

מה טעם מצא לו שר העבודה והרווחה להגיש עשרות רבות של תלונות על העסקת בני-נוער בשבת? חוק שנחקק לפני 47 שנים, שבמקור נועד למטרות סוציאליות, למטרות של הגנה על בני-נוער - איך עושים בו עכשיו שימוש לצרכים של קידום מטרות פוליטיות, לצרכים של קידום השקפת עולם, למטרות כפייה דתית?

אדוני היושב-ראש; חבר הכנסת גפני, בבקשה, אני נותנת לך זמן על חשבוני. בבקשה.

הבנתי. חבר הכנסת גפני, אני מבינה מהר. אדוני היושב-ראש, האם במקרה פסקו 30,000 שקל קנס על ""מקדונלד'ס"" ועוד 50,000 שקל קנס על הבעלים בשל העסקת נערים במסעדות הרשת בשבת? האם זה היה מקרי? למה השר מצא פתאום לנכון לבקש לאכוף את החוק הזה, ולא לאכוף חוקים שעוסקים, למשל, בעבודת בני-נוער בלילה? גם החוק בדבר העסקת בני-נוער בלילה הוא חוק סוציאלי, אבל זה לא נעשה.

אבל עבודת בני-נוער בלילה לא נעשית בהכרח על-ידי ילדים יהודים, לא נעשית בשבת ולא נעשית במסעדות שבהן, רחמנא ליצלן, שלא נדע, מוכרים קציצות עם גבינה.

זה שם הסיפור, קציצות עם גבינה, מסעדות לא כשרות. אז שם אוכפים את זה? שם מחליטים לקבוע לנערים היהודים אם הם יעבדו או לא? איזה מין דבר זה?

חבר הכנסת פרץ, פתאום מוציאים מהנפטלין חוק שנחקק לפני 47 שנים?

קודם כול, אתה יודע שאני לא מתלהבת מהמשך השותפות עם ש""ס בממשלה. כלו כל הקצים. זה בשבילך.

אבל אני רוצה לשאול, אנחנו רוצים עכשיו להסיג לאחור את כל ההישגים הסוציאליים? בני-נוער הם לא אותם בני-נוער שהיו לפני 47 שנים, הם התפתחו, רוצים ללמוד, רוצים לעבוד. למי זה מפריע שהם עובדים בשבת? כך השר אלי ישי ישמור על השבת? לא השר אלי ישי שומר על השבת, ולא השבת תשמור עליו.

אני רוצה לומר לכם, רבותי חברי הכנסת; חבר הכנסת פריצקי, אני בטוחה שאתה תרצה לשמוע.

אדוני היושב-ראש, אני מוחה על הקביעה שלך. מרצ היא מפלגה נורמלית. אני מוחה על הקביעה שלך.

חברי חברי הכנסת, אנחנו צריכים להחליט לאיזו מדינה אנחנו רוצים להידמות.

האם אנחנו רוצים להסיג את עצמנו לאחור, לימי הביניים? וכדי למנוע את זה - וזה בשבילך, חבר הכנסת גפני - אני קוראת לכנסת להתאחד ולתמוך מחדש בהצעת החוק של חברת הכנסת נאות, הצעת חוק שאתם הפלתם, הצעת חוק שתאפשר לבני-נוער יהודים לעבוד בשבת, ולא להשתמש בחוק הזה לקידום מטרות פוליטיות ולקידום כפייה דתית. תודה רבה.

עם יהדות התורה היית מוכן לשבת.

אני מבקשת למחוק את זה מהפרוטוקול.

לא צריך בכלל את התשובה שלו.",10,
143807,2000-07-12,"הצעת חוק חסינות חברי הכנסת, זכויותיהם וחובותיהם (תיקון – ביטול נסיעה חינם בתחבורה ציבורית), התש""ס–2000: (הצעת חברת הכנסת ז' גלאון)","מה שמקובל על הכנסת מקובל עלי.

בגלל זה אפשר לבטל את זה.

אדוני היושב-ראש, חברי חברי הכנסת, אני מציעה הצעת חוק בנוגע לחוק חסינות חברי הכנסת, זכויותיהם וחובותיהם. ההצעה שלי באה לבטל את הסעיף של נסיעה חינם בתחבורה הציבורית. לפני כמה ימים קיבלו כל חברי הכנסת כרטיס לנסיעת חינם ברכבת. אני חשבתי שזאת ההזדמנות לאמץ את מסקנות הוועדה לבדיקת שכר, גמלאות ותנאים נלווים לחברי הכנסת, בראשות פרופסור אריאל רוזן-צבי, זיכרונו לברכה. המסקנות של הוועדה הוגשו בראשית 1995 ואומצו באופן גורף בידי ועדת הכנסת בשלהי הכנסת השלוש-עשרה. אחת מהמלצות הוועדה היתה לבטל את הזכות לנסיעה חינם בתחבורה הציבורית, הקבועה בסעיף 9(ב) לחוק חסינות חברי הכנסת, זכויותיהם וחובותיהם. ועדת רוזן-צבי סברה, כי מן הראוי לבטל את ההטבה הניתנת לחברי הכנסת וליישר בתחום זה קו עם עובדי השירות הציבורי. חברי חברי הכנסת, אף שהמלצת הוועדה בנושא הזה התקבלה על-ידי ועדת הכנסת, לא הספיקה הכנסת ה-13 להכניס את התיקון הנדרש בחוק, ועד היום טרם נעשה דבר. היום, לאור המלצות ועדת-גל-נור לגבי רכישת כלי רכב לחברי הכנסת, אני מציעה לתקן את חוק החסינות ברוח המלצות ועדת רוזן-צבי באופן שימנע הטבת יתר לחברי הכנסת, ובעצם כך תעביר הרשות המחוקקת מסר לציבור, שחברי הכנסת אינם נבדלים מעובדי השירות הציבורי בזכויותיהם ובחובותיהם. תודה.",1,
184110,2003-03-24,הצעת ועדת הכנסת להסיר מסדר-היום את ההצעה לסדר-היום: הצורך בהקמה מחדש של ועדת החקירה הפרלמנטרית בנושא המאבק בתאונות הדרכים,"אדוני היושב-ראש, הכנסת קיבלה את ההחלטה הזאת כאן על-ידי כל סיעות הבית, לפני שמפלגת העבודה והקואליציה החליטו שהנושא צריך להיות בוועדת הכלכלה. אני רוצה לשאול, האם בינתיים נפסקות תאונות הדרכים? האם עד ששר התחבורה ילמד את הדוח לא יהיו תאונות דרכים? השאלה שנשאלת היא - איך הכנסת תסתכל לציבור בעיניים?",3,
267413,2012-02-21,נאומים בני דקה,"אדוני היושב-ראש, אתמול תמי זנדברג, חברת מועצת מרצ בעיריית תל-אביב, העבירה החלטה צודקת, נכונה, להפעלת תחבורה ציבורית בשבת ברחבי תל-אביב. אני רוצה לומר, אדוני, שאני יודעת שיש מי שמתקומם מטעמים של צדק חברתי, מטעמים של כפייה דתית או כפייה על ציבור דתי. אני רוצה לומר שזו הצעה צודקת מהמעלה הראשונה. לא ייתכן שאני שומעת היום את שר התחבורה אומר, שמטעמים של סטטוס-קוו, מטעמים פוליטיים ולא מקצועיים, הוא יחליט שהוא לא מכבד את החלטת מועצת עיריית תל-אביב. אדוני היושב-ראש, צדק חברתי לא יכול להיות משועבד לסטטוס-קוו. אני בכלל חסידת התפיסה של איש באמונתו יחיה. אני לא רוצה לכפות דבר וחצי דבר על ציבור דתי, ואין לי דבר וחצי דבר עם אנשים דתיים. אבל יש לי נגד אלה שעושים בדת שימוש של קרדום לחפור בו, ומבקשים לכפות עלינו אורח חיים. אני חושבת שלאנשים בתל-אביב שאין להם כלי רכב, לאנשים שידם אינה משגת לקחת מונית, לאנשים קשישים, מובטלים, ההצעה הזו יכולה לפתור את הבעיה, להתנהל ברחבי העיר. אם אתה שואל אותי, זו צריכה להיות הצעה שתהיה ישימה בכל הארץ, בוודאי לא בשכונות דתיות. לאף אחד אין עניין לפגוע ברגשות אנשים דתיים, ובוודאי אין עניין לפגוע בעובדים. אבל זו הצעה שבאה לעשות צדק. היא נכונה, ואני מאוד מקווה ששר התחבורה יתעשת.",10,
281145,2014-02-05,"דברים לזכרה של חברת הכנסת והשרה לשעבר שולמית אלוני, זיכרונה לברכה","אדוני היושב-ראש, חברי חברי הכנסת, אדוני, תודה על הדברים המרגשים שלך. אני רוצה בהזדמנות זו לנחם גם אותך. חברי חברי הכנסת, אני נרגשת לעמוד כאן ולשאת דברים בישיבה המיוחדת לזכרה של השרה לשעבר, חברת הכנסת שולמית אלוני. כבר דובר רבות איך שולמית אלוני הייתה אישה אדירה, אמיצה, פורצת דרך, לוחמת צדק חסרת פחד ומעצורים, ואני חושבת, חברי חברי הכנסת, שהיא תישאר לעולם דמות השראה לכל ישראלי שוחר מדינה מתוקנת ושהשוויון וזכויות האדם נמצאים בלבו. שולמית אלוני הייתה מהלוחמות הראשונות והידועות בכפייה הדתית. כך גם, חברי חברי הכנסת, הכרנו לראשונה באופן אישי, כשנלחמנו בפתח-תקווה, זה היה בשנת 1984, פתיחת קולנוע ""היכל"" בלילות שבת. הפגנו במשך חצי שנה, והקולנוע נפתח, והמאבק הזה הפך לסמל במאבק בכפייה הדתית. אלוני לא עשתה את זה מטעמים של שנאת דת או שנאת יהדות. הייתה לה ביקורת קשה נגד אלו שעושים בדת שימוש של קרדום לחפור בו. היא מתחה ביקורת על פוליטיקאים ובעלי עניין שעשו שימוש בדת, והיא אמרה, ואני מצטטת: ""ישראל הפורחת, החופשית והנאורה, שהתהדרה במחקר ובקידמה, מנמיכה את קומתה בפני הרבנים, החרדים והמתנחלים, התובעים לעצמם הכול בשם הדת"". חברי חברי הכנסת, אני נפרדת משולה בידיעה שלא רק שהיא עשתה בעצמה כל כך הרבה למען הערכים שהיא ואנחנו מאמינים בהם, אלא בתחושת גאווה גדולה על כך שאני עצמי וחברי ואתם משתייכים לדור שלם של אזרחים ששולמית אלוני העמידה בישראל; דור שהיא הנחילה לו את האמונה חסרת הפשרות בערכים, שבתחילת דרכה, כשהיא דיברה עליהם, הם היו אפילו עוד יותר שנויים במחלוקת ממה שהם היום. שולמית אלוני הכניסה לתודעה הישראלית ולשיח את עליונות העיקרון של שוויון מוחלט בין כל בני-האדם, ללא הבדל דת, גזע, מין ומגדר; את הנשגבות של חיים לסיום הכיבוש וחתירה לשלום; את החשיפה לפמיניזם, וחברי חברי הכנסת, לרעיון שהיה אז כל כך שערורייתי, שנשים הן גם כן בני-אדם. חברי חברי הכנסת, יש כאן דור שבהשראתה הולך יום-יום עם סרגל מוסרי, שמציב בראשו את השאיפה הבלתי-פוסקת להשגת חופש מוחלט מכפייה ומניצול לכל בני-האדם באשר הם, ומעל לכול, חוסר נכונות להתפשר או להתערטל מערכיה ומהעקרונות שלה למען השררה ולמען הכבוד. זו המורשת של שולמית אלוני. חברי חברי הכנסת, אני רוצה לצטט קטע קצר שאמרה שולמית אלוני בשנת 1996. ""הבעיה שלנו היא חברתית ותרבותית"", היא אמרה. ""רוב הציבור בישראל רוצה בחברה דמוקרטית ופתוחה, רוצה בחברת רווחה ורוצה בגילויי סולידריות כלפי אלה שאין להם – – – אם לא נבנה כאן חברה אזרחית פעילה ואכפתית, אנו עשויים להישאב מבלי משים"" – היא המשיכה – ""אל תוך הגטו החדש-ישן של קנאות דתית לאומנית אלימה ומסוכנת – – – השאיפה הנושנה להיות חברת מופת – – – אינה רק פנטזיה של דור המייסדים, זה חלק מהאתוס הישראלי"", אמרה אלוני, ""ולכן צריך להפשיל שרוולים, להתייצב ולעזור."" את הדברים האלה אמרה שולמית אלוני לעדית זרטל בספר שנקרא ""לא יכולה אחרת"", והיא באמת לא יכלה אחרת. רוח הלחימה שאפיינה אותה סחפה אחריה תומכים רבים, וגם מתנגדים, חייבים לומר, שהרבה מאוד פעמים חששו מדעותיה וגם ניסו לעצור אותה, ולא חסכו איומים ולא חסכו הפחדות וניסו לעשות לה גם דה-לגיטימציה. אבל זה מיותר לציין, חברי חברי הכנסת, ששולמית אלוני לא שתקה, היא בוודאי לא ריככה את עמדותיה. גם כשהיא קיבלה את פרס ישראל היא אמרה, אני מצטטת: ""אני מתגעגעת לחברה שהיינו יכולים להיות. כשנלחמנו, כשהלכנו למעברות, כשהתגייסנו לכל קריאה, היו לנו ציפיות גדולות"", היא אמרה, ""אבל יצא לנו משהו אחר. לא השכלנו לעבור ממעמד של עדה דתית למדרגה של מדינה ריבונית, עם חוקה ונורמות אחידות"". והוסיפה ואמרה: ""אילו היה היום נביא בישראל, הוא היה בוכה"". ואני אומרת לכם, חברי חברי הכנסת, אם אכן היה נביא בישראל היום, הוא היה בוכה. הוא היה בוכה, כי אין כאן מי שיתייצב באומץ להוביל תהליך שלום ולהבטיח את עתידה הדמוקרטי של מדינת ישראל. הוא היה בוכה על כך שיש לנו הנהגה פחדנית, שלא מסוגלת להתייצב נגד גילויי אלימות מכוערים מאין כמוהם. וכיוון שהיא הייתה חברת כנסת ושרה בכנסת ישראל, אני חושבת שהיא הייתה מזדעזעת מכך שהכנסת, במקום להגן ולבצר את צביונה הדמוקרטי של המדינה, הפכה להיות כנסת מקארתיסטית, פופוליסטית, שמחוקקת חוקים גזעניים. חברי חברי הכנסת, זה מאיץ את הריקבון שפשה בחברה הישראלית. אם היה נביא בישראל, חברי חברי הכנסת, כדבריה הנכוחים של אלוני, הוא אכן היה בוכה. עבורי ועבור רבים אחרים שולמית אלוני ייצגה את הכרזת העצמאות האותנטית, הכרזה שחברי ואני במרצ רואים את עצמנו מחויבים להמשיך בדרכה, ולפעול להגשמת הערכים שלאורם אלוני חיה ושעליהם היא הגנה במשך כל שנות פעילותה הציבורית המפוארת. כי במדינת ישראל האלימה והרעה של 2014 זה לא מספיק לדעת את האמת. זה ממש לא מספיק, חברי חברי הכנסת, להחזיק בכל הדעות הנכונות בד' אמותינו, וזה לחלוטין לא מספיק לקנא באומות העולם ולבכות את מר גורלנו. לא כך תפסה שולמית אלוני את מקומה – בעצם את מקומו של כל אדם מוסרי. שולמית אלוני לימדה אותנו שאין לנו את הפריבילגיה להיות פסיביים, לפקפק בצדקת דרכנו או לפחד; שבשום פנים ואופן, חברי חברי הכנסת, אין לנו את הפריבילגיה שלא להיות אמיצים. ולכן, דווקא מול הלך רוח ציבורי גזעני, מסית ואלים, ששולל את זכות הקיום של כל מי שאינו יהודי, של כל מי שאינו ""אח"", של כל מי שאינו מוכן לנקוט אלימות על מזבח הפונדמנטליזם – דווקא מול כל אלה אנחנו חייבים את הכוח להיאבק למען דרכה של שולמית אלוני. אני רוצה לסיים ולומר, חברי, שחובה עלינו תמיד להניף את דגל הצדק, המוסר והשוויון. חובה עלינו לדאוג במו ידינו לכך שמדינת ישראל שלנו תהיה מקום ששולמית אלוני האדירה לא נלחמה עליו לשווא. חובה עלינו לעשות צדק בלבנו וצדק עם מפעלותיה הכבירים, שהפכו את מדינת ישראל למקום שטוב יותר לחיות בו, למענה, למעננו ולמען הדורות הבאים. יהי זכרה ברוך.",10,
286324,2014-11-10,"הצעת חוק התקציב לשנת הכספים 2015, התשע""ה–2014;: הצעת חוק התוכנית הכלכלית (תיקוני חקיקה ליישום המדיניות הכלכלית לשנת התקציב 2015), התשע""ה–2014;: הצעת חוק החברות הממשלתיות (תיקון מס' 31) (חברה ממשלתית ציבורית), התשע""ה–2014;: הצעת חוק ההתייעלות הכלכלית (תיקוני חקיקה להשגת יעדי התקציב לשנת התקציב 2015), התשע""ה–2014","תודה רבה. אדוני היושב-ראש, אני רוצה להביע מכאן תנחומים – אדוני, לנפגעים גם בפיגוע הקשה בתל-אביב וגם בפיגוע באלון-שבות – למשפחת הנערה שנרצחה. אלה ימים קשים, אבל הכנסת ממשיכה לתפקד ולדבר על התקציב שמוגש כאן. ואני רוצה לומר לך, אדוני היושב-ראש, שמעתי את הבשורה החדשה של שר האוצר: לעבוד בשביל האזרח. ספרתי כמה פעמים הוא אמר את זה. אתם יודעים כמה פעמים הוא אמר? ככה, זרקו מספר. יותר מ-20 פעמים: לעבוד בשביל האזרח. ואני אומרת לכם, זו עבודה בעיניים, חברי חברי הכנסת. שר האוצר אמר שזה תקציב חברתי? אצל שר האוצר דיבורים זה כמו חול, חברי חברי הכנסת, אבל אין מה לאכול. אם היה לנו שקל על כל הבטחה ריקה של שר האוצר לפיד, מזמן כבר היינו סוגרים את הגירעון. איזה הבטחות עוד לא שמענו משר האוצר בשנים האחרונות? שר האוצר התחייב שהוא יוריד את מחירי הדיור בתוך חצי שנה. הוא גם התחייב, למשל, לנישואים אזרחיים. הוא התחייב לפטר את הרבנים הראשיים, הוא התחייב ללמד לימודי ליבה, או שילמדו לימודי ליבה, ושתהיה תחבורה ציבורית בשבת.

מה אנחנו רואים? שיש לנו כאן שר אוצר שהוא קבלן הביצוע של האג'נדה הכלכלית הדורסנית של ראש הממשלה נתניהו, וחוץ מהבטחות ריקות לעבוד בשביל האזרח הוא לא משנה כלום, הוא לא עושה כלום. ועכשיו, אדוני שר האוצר, אתה מדבר על תקציב חברתי, על התחלת התיקון. איך הוא קרא לזה? התחלת התיקון. איזה תקציב חברתי? באמת אני חוזרת על זה: אם היה לנו שקל על כל התחייבות של שר האוצר לתיקון, לתקציב חברתי, כבר מזמן היינו סוגרים את הגירעון. אז איך בכלל הוא מעז היום – אני שומעת אותו מדבר כאן על תוספות לבריאות, לחינוך ולרווחה. רק לפני כשבוע ועדת הכספים הצביעה על קיצוץ רוחבי בתקציבי המשרדים האלה בגובה של כ-2 מיליארד שקלים. אז על מי אתה חושב בדיוק שאתה עובד כשאתה מתפאר בהגדלת תקציבי החינוך והבריאות, תקציבים שגדלים מדי שנה באופן אוטומטי כדי לעמוד בגידול הטבעי של האוכלוסייה? הרי הוא הסביר לנו כאן עכשיו שהיה גידול בתקציבי הבריאות. היה גידול באוכלוסייה, אז יש מנגנון אוטומטי. הרי קיצצו 2 מיליארד שקלים קיצוץ רוחבי, והקיצוץ הזה הוא קיצוץ flat, והוא בבסיס התקציב, והוא יהיה גם בתקציב הבא באופן הזה. חברי חברי הכנסת, הרי כל הקיצוצים האלה בכלל, ביחס לתקציב הכללי, לא רק שלא יהיה גידול משמעותי בתקציבי המשרדים וההוצאה לאזרח תישאר נמוכה ביחס לממוצע למדינות המערביות; כל ההצהרות האלה על הגדלת התקציבים החברתיים – מדובר כאן בזריית חול מכוונת בעיני הציבור. זו זריית חול מכוונת. שר האוצר לפיד סומך על הזיכרון הקצר של הציבור. אני רוצה לצטט לכם מתוך דף הפייסבוק של שר האוצר לפיד, מה הוא כתב שם לפני כחצי שנה. הוא כתב כך: ""יישום חוק יום לימודים ארוך עד השעה 16:00, הקטנת כיתות הלימוד, הגדלת התמיכה לתלמידי הפריפריה ב-26% בתקצוב דיפרנציאלי, חיוב לימודי ליבה"". ואני שואלת אתכם, חברי חברי הכנסת, הרי התקציב ששר האוצר הביא לכאן היום דוחה את יישום חוק יום לימודים ארוך בחמש שנים, הוא מקצץ קיצוץ עמוק בתקציב החינוך. וגם כל התוכנית הזאת, כל ההתחייבות הזאת ללימודי ליבה נגנזה יחד עם יתר ההבטחות של שר האוצר. עוד אזכור, ככה, של דברים ששר האוצר אמר. אבא שלי היה אומר: לדבר זה בחינם. לדבר זה בחינם. בנאום בפני סטודנטים במרס 2013 אמר שר האוצר: ""גם אני מאמין"" – הוא אמר – ""שהגיע הזמן לקצץ בתקציב הביטחון ולהעביר את הכסף לשירותים החברתיים"". אז אני שואלת, חברי חברי הכנסת, איפה ההצהרה הזאת היום, כשהוא מגיע לכנסת והוא מגיש לנו את התקציב שמשועבד כולו למערכת הביטחון? תראו מה קורה כאן, איך שר האוצר ממש נופל שדוד לנוכח האיומים של מערכת הביטחון. חסר לו, חסר לו – אני ניסיתי לראות איפה השריר הזה, ניסיתי לחפש איפה השריר הזה, שריר האומץ. חסר לו שריר האומץ, שמאפשר להתייצב מול הממסדים הגדולים, בעיקר מול הממסד הביטחוני, ולהגיד להם לא. שריר האומץ – ניסיתי לחשוב, אולי זה פה, אולי זה משהו – לא מצאתי את זה אצל שר האוצר. לא היה לו אומץ להתייצב בפני מערכת הביטחון, לא בפני ממסד המתנחלים – ממשיכים להעביר כסף להתנחלויות – לא בפני בעלי ההון – ולא הורידו להם את הפטורים. אז איפה שריר האומץ? מה עושה שר הביטחון בתקציב הזה? הוא הופך את מדינת ישראל, חברי חברי הכנסת, לצבא שיש לו מדינה, ולא למדינה שיש לה צבא. מי שהיה מקצץ בתקציב הביטחון היה הופך את היוצרות. שלא לדבר על ההבטחות שלו. איך הוא אמר? הוא עמד כאן כזה בפעם הקודמת במין דיבור כזה, חצי שקט כזה: ""התפקיד שלנו לדאוג לזה"" – אני מצטטת – ""שלא יהיה במדינת ישראל אפילו ילד רעב אחד"". ""אנחנו עוד לא שם"", הוא המשיך להגיד, ""אבל אנחנו בדרך, ואנחנו נקיים את מה שהבטחנו, ואם נצטרך עוד משאבים כדי למנוע רעב מילדים, יהיו עוד משאבים, כי זו חובתנו"".

חברי חברי הכנסת, איפה המשאבים האלה היום, כשקוברים את המלצות ועדת אלאלוף כדי לתת עוד כסף לתקציב הביטחון? ואני מסיימת, אדוני. חברי חברי הכנסת, אין שום דבר חברתי בתקציב הזה. אין שום דבר חברתי. מרצ הגישה תוכנית חלופית, תקציב חלופי, שמראה שאפשר גם אחרת. אנחנו אומרים איפה יש כסף וממה צריך לקצץ ומה צריך לעשות, ואנחנו חושבים, למשל, שאפשר לפתוח 800 מעונות-יום, להחיל יום לימודים ארוך, להפעיל תחבורה ציבורית בשבת, להרחיב את סל הבריאות – אפשר לעשות הרבה דברים, אבל ודאי שלא עם התקציב הזה שהוגש לנו כאן. תודה רבה, אדוני.

הוא אמר שהוא ישלול להם את האזרחות.",1,
297358,2016-02-10,הצעה לסדר-היום: הצורך בהקמת ועדת חקירה פרלמנטרית בנושא המחדלים סביב פרויקט הקמת קו הרכבת המהיר לירושלים,"גברתי, אנחנו חושבים שזו שערורייה ששר התחבורה – – –

למה שר התחבורה לא בא למליאה?

לא נעים לי מהשרה גמליאל – – –

הוא יושב במזנון עכשיו. הוא יושב במזנון.",3,
303439,2016-09-19,הצעות לסדר-היום: ביזוי השבת ופגיעה בחיילים ובאזרחים סביב משבר הרכבת,"תודה רבה. אדוני היושב-ראש, חברי חברי הכנסת, אני חייבת להודות שטוב להיפגש. מרגש להיפגש אחרי תקופה ארוכה שבה ניהלנו מאבקים מחוץ לכנסת. אני קצת מרגישה, אני חייבת לומר, אדוני היושב-ראש, שאנחנו עוסקים, משהו, כמו שאימא שלי הייתה אומרת – ביידיש זה נשמע יותר טוב – באטריות קרות, כי משבר הרכבת שבגינו האופוזיציה ביקשה לכנס את הכנסת היה לפני כשבועיים היה דרמטי. הייתה כאן החלטת ממשלה מופקרת, בעיני, חסרת אחריות, להפסיק את העבודות ובעצם לגרום – אני יודעת מה? – למאות-אלפי אנשים לעמוד בפקקים, בעומס, להמתין לאוטובוסים. חשבנו שהיה נכון לדון על זה בזמן אמת. בשביל זה יש כנסת – כנסת צריכה להתכנס בזמן אמת. חברי אילן גילאון, שנכנס, ביקש יחד עם חברי הכנסת מהאופוזיציה ליזום לכנס את הכנסת. היום זה נראה קצת רחוק-משהו. הייתה נדרשת, לצערי, התערבות של בג""ץ כדי להורות – שלראש הממשלה לא הייתה סמכות להפסיק את העבודות. כשאני אומרת שלראש הממשלה לא הייתה סמכות, אני באמת תוהה, ואני מקווה שנשמע הסבר מנציגי הממשלה או מהשר יריב לוין, שאני מבינה שאמור לעלות: מי נתן את ההוראה? אתם יודעים מה? אני מודה שאני לא יודעת. עד שבג""ץ קבע את מה שהוא קבע, חשבתי שראש הממשלה נתן את ההוראה; שראש הממשלה מרשה לעצמו לפעול באותו שיכרון כוח – הכול מותר: אפשר לצלצל למנכ""ל הרכבת חמש דקות לפני כניסת השבת להורות לו על הפסקת העבודה. במאמר מוסגר אני חייבת לומר שאני גם לא מבינה את מנכ""ל הרכבת. אתה מנכ""ל של חברה ממשלתית-ציבורית. אתה לא צריך להגיד: איפה המסמכים? איפה ההחלטה? מי שינה את ההחלטות שראש הממשלה נתניהו קבע, בהיותו שר הכלכלה בנובמבר 2015, שיש היתר במקרים של פיקוח נפש? ולפיקוח נפש, צריך לומר, יש הגדרה רחבה. היא לא מתייחסת – רגע – רק לאותה דקה שקורה משהו. פיקוח נפש זה גם כשהמשטרה מגבה את הרכבת ואומרת שיש צורך לעשות עבודות בנייה, עבודות בטיחות. גם זה נכלל בהגדרה הרחבה של פיקוח נפש. ואיך אני יודעת את זה? כי ראש הממשלה בנימין נתניהו – – –

זה דבילי, אדוני היושב-ראש. היה צריך לעשות את זה בשבת. איך אני יודעת, אדוני חבר הכנסת גפני?

כי ראש הממשלה נתניהו, בנובמבר 2015 היה גם שר הכלכלה – היו לו הרבה תיקים, גם היום יש לו הרבה תיקים – והוא חתם על ההיתר שמאפשר עבודות בשל פיקוח נפש בשבת. מה השתנה עד 18:55, כשמנכ""ל הרכבת קיבל הודעה שהוא צריך להפסיק לעבוד? מה השתנה? מי נתן את ההוראה? אני מודה שנדהמתי איך המערכת הממשלתית הזאת מתנהלת. אני הבנתי לתומי שמשרד ראש הממשלה, בסמכותו של ראש הממשלה, נתן את ההוראה, ואז קראתי כמה ראיונות ושמעתי כמה ראיונות עם שר הרווחה חיים כץ, שמופקד גם על מתן היתרי עבודה בשבת. פתחתי ביום שישי שעבר את העיתון – אני חושבת שזה היה שישי שעבר או לפני שבועיים; כבר השתבש לי מניין הימים – – –

לא. האמת ש""יתד נאמן"" לא מגיע אלי למפתן הדלת. זאת בעיה.

אם תדאג לי לזה, תפתור את זה.

אז מתברר ש""יתד נאמן"" לא על מפתן הדלת שלי, אדוני. לדעתי, זה מחדל שצריך להיות מתוקן. פתחתי את עיתון ""ידיעות אחרונות"" ואני קוראת ריאיון עם השר חיים כץ אצל יובל קרני. הוא לא הזכיר במילה וחצי מילה שהוא נתן את ההוראה. ואז, באותו יום, הוא היה שר מאוד עסוק, ושמעתי אותו מתראיין ברשת ב' אצל צ'יקו מנשה. הוא לא הזכיר במילה וחצי מילה. אבל כיוון שאני צורכת חדשות פתחתי את ערוץ 2 – זה היה בשבת או ביום שישי – – –

סליחה, אדוני, סליחה. אל תקשיב, אדוני. אני פונה לאגף הזה.

ביום שישי לפנות ערב אני פותחת ערוץ 2 ואני רואה ריאיון של רינה מצליח עם השר חיים כץ, ואני לא מאמינה למשמע אוזני. בריאיון הזה אומר השר חיים כץ: אני נתתי את ההוראה. הוא אמר מין אמירה פתלתלה כזאת, מפותלת. ואני אומרת: רגע, שמעתי אותך וקראתי אותך ובכלל לבג""ץ לא אמרתם שזה השר חיים כץ שנתן את ההוראה. אז אחת מן השתיים: זה שגרמתם לאלפי אנשים – אני מדברת על הממשלה – לעמוד בנסיבות האלה בעומסים בגוש-דן באותו יום ראשון – סיעת מרצ נסעה לצפון באותו יום להזדהות עם אנשי הצפון, אחרי שהממשלה החליטה להוציא מהתקציב 20 מיליארד שקלים שנועדו לצפון. אנחנו היינו בדרך לצפון, ואנחנו רואים את העומסים ואת הפקקים, כי מישהו נתן את ההוראה והחליט לעצור. אז אני שואלת מי נתן את ההוראה, כי יומיים קודם הפרקליטות הגישה תשובה לבג""ץ, בעקבות העתירה שלנו, של מרצ, לבטל את ההחלטה השערורייתית להפסיק את העבודות. הפרקליטות, באיזה – הייתי אומרת – מסמך מביש, מביש, שאומר שההודעה – או הדיון לא רלוונטי כי העבודות הסתיימו – ואני מצטטת חופשי מזיכרון – ובכלל מדובר בדיון תיאורטי, לא רלוונטי. פרקליטות, שבמקום לתת תגובה נוקבת לגבי ההודעה של ראש הממשלה נותנת מין תגובה פתלתלה כזאת. בית-המשפט לא השתכנע מתשובת הפרקליטות, ממש לא. נקבע דיון ל-8 בנובמבר, אבל אני שואלת למה בתשובת הפרקליטות, שהיא תשובת המדינה, לא נאמר שהשר חיים כץ נתן את ההוראה. אני שואלת, חבר הכנסת גפני, אתה חבר כנסת ותיק, אתה – – –

אני שואלת – רגע, זה עוד לא אומר שאתה – – –

זה עוד לא אומר שאתה עונה.

אדוני, היום אני לא נוסעת לצפון כי יש לי הרגשה – –

– – שמישהו איבד את הצפון פה.

חבר הכנסת גפני, מי שאיבדה את הצפון זו הממשלה שאתם שותפים בה, שבגלל מריבות פוליטיות פנימיות בין ראש הממשלה לשר כץ, ובגלל הלחץ שאתם, חבר הכנסת גפני, הפעלתם על ראש הממשלה, תוך ניצול הכוח הפוליטי שלכם, בגלל זה ראינו את ראש הממשלה נכנע, לחיץ, סחיט, כמו שהוא יודע. ישר הוא נבהל ונתן את ההוראה. רגע. לא, רגע, הוא נתן את ההוראה, חבר הכנסת גפני? מי נתן את ההוראה? ג'יבלי? תודה רבה, אדוני.",3,
303738,2016-11-02,"הצעת חוק התקציב לשנות הכספים 2017 ו-2018, התשע""ז–2016;: הצעת חוק-יסוד: משק המדינה (תיקון מס' 9);: הצעת חוק התוכנית הכלכלית (תיקוני חקיקה ליישום המדיניות הכלכלית לשנות התקציב 2017 ו-2018), התשע""ז–2016;: הצעת חוק ההתייעלות הכלכלית (תיקוני חקיקה להשגת יעדי התקציב לשנות 2017 ו-2018), התשע""ז–2016;: הצעת חוק הפחתת הגירעון והגבלת ההוצאה התקציבית (תיקון מס' 16) (שיעור הגירעון וסכום ההוצאה הממשלתית בשנות התקציב 2017 ואילך), התשע""ז–2016","אדוני היושב-ראש, חברי חברי הכנסת, אני קודם כול רוצה לברך את חבר הכנסת החדש, מיכאל מלכיאלי, את כל המשפחה שלו, אני רואה אותה יושבת נרגשת, אני מודה שזה מרגש לראות אתכם. יש לך פה הרבה אתגרים, בכנסת הזאת, והמון הצלחה. אתה מגיע ברגע שאנחנו אמורים – וכמובן, אדוני השר, לא התייעצת קודם, אבל בסדר, טוב.

אני אתכונן לזה, אדוני, בהחלט. סמוך עלי. חברי חברי הכנסת, אנחנו דנים כאן – או בעיצומו של דיון – על התקציב. הציג את התקציב שר האוצר משה כחלון, ואני רוצה לומר משהו שאמרתי לשר, גם באופן אישי וגם באופן ציבורי אני אומרת אותו: מרצ לא תהיה אופוזיציה לתקציב שיש בו אלמנטים חברתיים, ובסוגיות מסוימות אנחנו כמובן נתמוך. אבל מה שמובא לנו כרגע זה תקציב שנצטרך להצביע נגדו, לצערי. ולפני שאני מדברת או צוללת לגופו של התקציב, אני רוצה לומר, או לתת איזו דוגמה – – –

מאה אחוז. כדי להבין איך הממשלה מתייחסת לתקציב המדינה שהונח כאן על השולחן מספיק להסתכל על מה שקורה עם תאגיד השידור הציבורי. חברי חברי הכנסת, אנחנו התבשרנו לפני שעה קלה שיש סיכום בין ראש הממשלה נתניהו ושר האוצר על הקמת ועדה לבחינת גורל התאגיד. אני אומרת לכם שהמשמעות של הקמת הוועדה היא בעצם לקבור קבורת חמור את תאגיד השידור הציבורי. חבל, אדוני שר האוצר, שאתה הולך עם ראש הממשלה לוועדה הזאת. אז אם לא ייקבר התאגיד החדש, מה שיקרה – עלול לקרות – שהם עלולים להגיע ביניהם להסכמה לחסל את שרשרת הפיקוד הבכירה, שנקבעה על-ידי גורמים מקצועיים – שהם יהיו אלה שינהלו את התאגיד. בכל מקרה, גם אם הם לא יקברו אותו סופית, הם יביאו אנשים צייתנים ברוחם ובדמותם, כי ראש הממשלה נתניהו רוצה שליטה פוליטית על תוכני השידור, והוא יעשה הכול, הכול, כדי להשיג אותה. והוא מוכן על הדרך לרמוס עיתונאים. גם ברשות השידור הישנה נותרו אנשים ללא ביטחון תעסוקתי, לא סגורים על מה יעלה בגורלם. בתאגיד החדש 500 איש נותרו ללא ביטחון תעסוקתי, עכשיו הם צריכים להמתין לוועדה החדשה. חברי חברי הכנסת, ראש הממשלה לא בוחל בשום אמצעים כדי לשלוט על התקשורת, להפחיד אותה, להכניע אותה, להפוך אותה לצייתנית וממושטרת. וההתייחסות של ראש הממשלה נתניהו לתאגיד השידור הציבורי על בסיס מספרים ושיקולי עלות מפספסת את הסיפור. אמרתי שלשום לשר האוצר, בהופיעו בפני ועדת הכספים – הוא הסביר לנו על התקציבים והכספים – אמרתי לו: למה אתה מטיל וטו כלכלי? במקרה הזה צריך להטיל וטו מוסרי, כי אין כאן שאלה כלכלית, השאלה מה תהיה דמותה של הדמוקרטיה בישראל, שנמצאת במתקפה חזיתית של ראש ממשלה היסטרי – היסטרי. והוא מטלטל את המדינה כולה בשביל האינטרסים הפוליטיים והציניים שלו. וזה גם הסיפור של התקציב. הדוגמה של התאגיד זה הסיפור של התקציב כולו, שעושים בו כל מיני פעלולים פיננסיים, הייתי אומרת, שנועדו לשרת את הפוליטיקאים, וודאי שלא את העם; פעלולים פיננסיים כדי להסביר איך התקציב הזה בעצם הוא תקציב חברתי. אז לא, הוא לא מספיק חברתי, חברי חברי הכנסת. והתקציב הזה נכנע בעצם, או הוא שיקוף של כניעה לשלושה ממסדים סחטניים: הממסד הביטחוני, הממסד המתנחלי וגם הממסד החרדי. ואחר כך זה כל השאר לצרכים חברתיים. אז אני רוצה להזכיר לחברי הממשלה: התקציב הזה קובע איך ייראה היום-יום של 8.5 מיליון תושבים בישראל, אזרחים בישראל. ומאחורי המספר הזה, של 8.5 מיליון, יש אנשים חיים, אמיתיים, בשר ודם. ואני רוצה להזכיר לכם כמה מהדברים שהתקציב הזה קובע עבורם: התקציב הזה קובע, למשל, כמה זמן ייקח לאישה בצפון שגילו לה ממצא מחשיד בשד – כמה זמן היא תצטרך לחכות בתור לאולטרה-סאונד; התקציב הזה קובע כמה תלמידים יהיו בכיתה בבית-ספר יסודי; התקציב הזה גם קובע כמה דמי אבטלה תקבל אישה בת 60, אישה שפוטרה ולא מצליחה למצוא עבודה; והתקציב הזה גם קובע מה גובה הקצבה החודשית שיקבל הקשיש שמתקשה להתלבש או להתרחץ בכוחות עצמו; התקציב הזה קובע אם אם חד-הורית שרוצה לעבוד תהיה זכאית למעון-יום מסובסד, ואם תהיה לה תחבורה ציבורית נורמלית למקום העבודה החדש שלה; והתקציב הזה קובע, חברי חברי הכנסת, אם לניצול השואה יהיה כסף לחמם את הבית בחורף הקרוב. אבל למה יעניינו חיי האזרחים את שרי הקואליציה? עמד כאן שר האוצר על הדוכן, הציג תקציב, ואף שר אחד לא ישב באולם. איזו התייחסות זו לתקציב? איזה ביזיון – איזו התייחסות זו לתקציב? מה זה אומר בעצם? הם עסוקים מדי, אבל במה הם עסוקים? הם עסוקים בלרדוף אחרי הזנב של עצמם. הממשלה הזאת עסוקה בלרדוף אחרי הזנב של עצמה, והפרקטיקה הזאת, של הפתיחה והסגירה של תאגיד השידור הציבורי, היא רק ביטוי ליחס המזלזל של הממשלה לכספי הציבור, לציבור ולתקציב כולו. תודה רבה, אדוני.",1,
307072,2017-01-30,הודעת הממשלה על העברת סמכויות מהממשלה לשר,"גברתי היושבת-ראש, חברי חברי הכנסת, תל-אביב, מעוז החילוניות, עומדת, הייתי אומרת, בהתרגשות קלה לראות מה תהיה ההכרעה של שר הפנים אריה דרעי, שהסמכויות עוברות אליו עכשיו, מה יהיו גורלן של 164 פיצוציות ומכולות שפתוחות ברחבי תל-אביב. האם הוא יאשר את חוק העזר העירוני או האם הוא ידחה אותו? אני אומרת מראש לשר דרעי: אני סומכת על התבונה שלך, שתפעל בשיקול דעת. ותצא לנו מהשבת – זה מה שאני מציעה. תצא לנו מהשבת. אל תכריח את הציבור החילוני בעיר להתחיל ללכת לחפש ולעלות על בריקדות, כי תהיה כאן התקוממות; זה לא יעבור בשקט. אני אומרת את זה בצורה ברורה שאינה משתמעת לשני פנים. המתווה שעיריית תל-אביב הציגה הוא מתווה מושכל. אין שום סיבה ללכת ולפתוח חנויות בלב שכונות דתיות וחרדיות, גם בתל-אביב וגם במקומות אחרים, ואין שום סיבה לחייב אנשים לעבוד בשבת – זה בניגוד לחוק וזו אפליה בוטה. ומי שלא רוצה לעבוד בשבת, החוק מאפשר לו את זה; החוק מאפשר לו יום מנוחה אחר, ומי שעובד בשבת מקבל 150% כפיצוי. אבל אם החלטה כזאת של סגירת הפיצוציות תתקבל לגבי תל-אביב, המשמעות של זה היא זחילה מדורגת בכל הארץ, בכל המקומות בארץ. אני חושבת שאנחנו צריכים לבנות כאן מרקם יחסים מכבד בין דתיים לחילונים, בעיקר בערים שיש בהן רוב חילוני ומיעוט דתי. צריך לשמור על הזכויות של המיעוט הדתי והחרדי – אין לנו שום עניין להיכנס להם בשבת – ואנחנו חושבים שכל אחד צריך את העונג-שבת שלו. אבל אנחנו לא רוצים ששר הפנים, בסמכות שיש לו, שהיא לא מתקבלת על הדעת בעיני, סמכות אנכרוניסטית, הייתי אומרת, שמאפשרת לשרי פנים לפסול החלטות של רשויות מקומיות, חוקי עזר עירוניים, שגם ככה עומדים בפני החלטה שיפוטית – בית-משפט יכול לפסול ממילא החלטות אם הן לא סבירות. הסמכות הזאת שניתנת לשר פנים היא לא סבירה, אין לה מקום בחוק. ביום רביעי אביא הצעה לכנסת לבטל את הסמכות הזאת. אל תגרור אותנו, השר דרעי, למלחמה מיותרת. אנחנו רוצים לשמור על הסטטוס-קוו. החילונים בישראל מרגישים תחת מתקפה של קואליציה שנכנעת לגחמות חרדיות ודתיות. אל תמשוך אותנו לשם. אני סומכת על התבונה שלך שתדע לפעול בחוכמה. תודה רבה.",3,
307426,2017-02-08,"הצעת חוק לתיקון פקודת העיריות (ביטול סמכות שר הפנים לאשר חקיקת עזר), התשע""ה–2015","לא. אני רוצה שהוא ישמע את מה שאני אומרת.

לא, הוא לא ישמע. אני רוצה שהוא ישמע.

אין לי טענה. אני מחכה לו. אני אדבר על משהו אחר בינתיים.

אדוני, לא. אל תספור לי זמן. אני רוצה שהוא ישמע, באמת.

תודה רבה, חבר הכנסת מוזס. אין כמוך. אני מחכה לו כי אולי הוא יאמץ את ההצעה שלי, אדוני. יש לי הצעה מאתגרת לשר הפנים, ייחודית, חדשה, ויש לי הרגשה שהוא יכול לאמץ אותה, אז אני רוצה שהוא ישמע.

טוב. אדוני, חברי חברי הכנסת, הצעת החוק שלי מבקשת – – –

אדוני היושב-ראש, הצעת החוק שלי מבקשת לבטל את הסמכות של שר הפנים לאשר חקיקת עזר. אנחנו יודעים שהיום שר פנים יכול לאשר חקיקת עזר. מאיפה באה בכלל הסמכות הזאת? מתקופת המנדט הבריטי; הנציב העליון, הייתה לו סמכות. מכיוון שהיה יישוב יהודי ויישוב ערבי, הייתה לו סמכות לחוקק, לבטל ולעשות דברים ככל שעולה על רוחו. עם קום המדינה, הסמכות הזאת הועברה לשר הפנים. ההצעה שאני מבקשת להעלות היום בעצם מתמקדת רק בפן אחד של סמכות עודפת שניתנה לשר הפנים, וזה אישור חקיקת עזר עירונית. בתקופת המנדט, החקיקה הזאת או הסמכות הזאת שיקפה מושגים קולוניאליסטיים שמבקשים לשלול זכות ייצוג, זכות הכרעה – זכות הכרעה מהיישוב העברי – ובעצם לשמר אותה בידי השלטון המרכזי. אבל היום אנחנו 68 שנים אחרי קום המדינה, והמדינה היא מדינה דמוקרטית, ואני לא חושבת שה נכון עדיין להשאיר לשר הפנים, שהחליף את הנציב העליון בעניין הזה, להשאיר לו את הסמכות הזאת לאשר חקיקת עזר עירונית. להפך, אדוני. אני חושבת שמן הראוי להעצים את השלטון המקומי, לאפשר לו לפעול במרחב העירוני ולהיטיב את מצב התושבים. עכשיו, השלטון המקומי הוא סוג של ביטוי לרצון התושבים, למימוש הזכות הדמוקרטית שלהם לבחור, אז מה פתאום שר הפנים צריך להתערב בהחלטות שהרשות המקומית מקבלת? ואני אומרת – למה אני רוצה לבטל? כי זה לא שעכשיו תהיה הפקרות וכל רשות תוכל לחוקק לעצמה איזה חוקי עזר שהיא רוצה. עדיין חקיקת עזר עירונית כפופה לביקורת בתי-המשפט, כך שאין חשש שהעיריות יעשו עכשיו ככל העולה על רוחן, יתחילו לחוקק את עצמן לדעת. על איזה רקע אני אומרת את זה? על רקע זה שהשבוע או בשבוע שעבר ניתנו לשר דרעי מחדש הסמכויות להחליט מה יהיה בנושא חקיקת העזר העירונית של עיריית תל-אביב. השר דרעי בעצם צריך להודיע בשם הממשלה לבג""ץ מה עמדת המדינה כלפי ההחלטה של עיריית תל-אביב לאשר פתיחת 160 עסקים בשבת, או חנויות, מרכולים, פיצוציות. המדינה כבר כמה פעמים דחתה את הבאת העמדה שלה בעניין הזה, ועכשיו שר הפנים, נפל עליו התיק הזה, אם אני יכולה לומר את זה באופן הזה; נפל עליו התיק הזה והוא נמצא בין הפטיש לסדן: מצד אחד, אדוני היושב-ראש, יש לחץ מטורף על השר דרעי, ואני ערה לזה. יש עליו לחץ. רק השבוע קראתי שהרב הראשי של תל-אביב, הרב מאיר לאו, אמר – ואני מצטטת – שהוא מתפלל ומקווה שהשר דרעי יגן על קדושת השבת. מצד שני יש לחץ על השר דרעי מצד גורמים חילוניים, שיאפשר לתל-אביב ולשאר המקומות בארץ את עונג השבת שלהם כראייתם, ולא יכפה – אדוני השר, אני מודה לך שנכנסת. אני מדברת, אדוני השר – אני חוזרת על זה קצת – דיברתי היום על הסמכות שיש לשר הפנים לאשר חקיקת עזר עירונית, וציינתי שהיא מימי המנדט הבריטי. אני חושבת שזו סמכות עודפת אנכרוניסטית שדינה להתבטל. לא שחלילה אני מבקשת לפגוע בסמכויות השר, אבל בהקשר הזה אני חושבת שצריך להשאיר לעיריות לחוקק חוקי עזר. ולא רק זה – אמרתי שחוקי העזר העירוניים כפופים לביקורת של בתי-המשפט. העניין הזה מקבל משנה תוקף, אדוני, על רקע הסמכות שניתנה לך בחזרה בהחלטת ממשלה ושהכנסת אישרה השבוע, סמכות בידי שר הפנים להחליט מה יהיה עם עיריית תל-אביב, עם ההחלטה של עיריית תל-אביב לאפשר ל-165 – או 168, אני לא זוכרת – בתי-עסק, חנויות, פיצוציות בתל-אביב – לפתוח את העסקים האלה בשבת. אני יודעת, אדוני השר, שאתה בין הפטיש לסדן. יש כאן דילמה גדולה: מצד אחד, אתה רוצה להיעתר, אני מניחה, לתחינות ולקריאות הנרגשות – אני לא אומרת את זה בציניות – של, נניח, הרב הראשי של תל-אביב, הרב מאיר לאו, שאומר לך לשמור על קדושת השבת; והוא בונה עליך שאתה תגן על קדושת השבת. מצד שני, יש גורמים חילוניים שרוצים את תל-אביב עיר פתוחה, חילונית, שלא כופים עליה כפייה דתית. ואני מבינה שאתה נמצא בסד הזה של קבלת החלטה, ואתה צריך לתת, המדינה צריכה לתת, גם תשובה לבג""ץ; כבר כמה פעמים המדינה דוחה את התשובה שלה לבג""ץ בעקבות העניין הזה. ואני רוצה לפנות אליך, אדוני השר. אני רוצה לפנות אליך כי אני יודעת שהרבה פעמים אומרים שצריך לסגור עסקים בשבת כדי למנוע ממעסיקים לחייב עובדים לעבוד בשבת. ואני מודה שבאמת אין הרבה תחומים שקרובים ללבי, בין היתר, כמו הגנה על זכויות עובדים. אבל במקרה הזה, הרי החוק כבר קובע שאסור להעסיק אדם בשבת בניגוד לאמונה שלו. אני מכבדת את זה. אין לי עניין עכשיו לגרום להם לפתוח חנויות ופיצוציות בלב שכונות דתיות וחרדיות. אני מכבדת את זכותם של אנשים לעונג שבת משלהם – וגם, דרך אגב, מי שמפר את ההנחיה הזאת, זו עבירה פלילית, והוא צפוי לעונש או לקנס. וגם, אנחנו יודעים, חברי חברי הכנסת, שמי שעובד בשבת מקבל שכר של 150% ויום מנוחה חלופי. ולמה אני טוענת את הטיעון הזה? כי כל מיני אנשים, כל מיני חברי ממשלה שבימים א' עד ה' בולמים כל מיני הצעות חוק שמבקשות להרחיב את הזכויות הסוציאליות של העובדים המוחלשים ביותר במדינה, כשזה מגיע ליום שבת אז הם פתאום דואגים לזכויות הסוציאליות של העובדים. אני בעד לדאוג לזכויות הסוציאליות של העובדים, אבל אני גם בעד להסתכל על התמונה הכוללת. והתמונה הכוללת אומרת שלא יכול להיות שיש מי שמבקש לכפות את אורח חייו על ציבור שלם. תל-אביב צריכה להיות עיר פתוחה וחופשית, וכך גם שאר המקומות בארץ, בתנאי שהם לא עושים להכעיס ולא עושים דווקא בשכונות דתיות וחרדיות. תחשבו על זה שאם מרכולים, אם בתי-קפה, אם אצטדיוני כדורגל, ייסגרו בשבת בתל-אביב – נכון, תל-אביב היא לב-לבה של החילוניות הישראלית – מה יהיו ההשלכות של זה על שאר הציבור החילוני בארץ, בירושלים, באשדוד, בפתח-תקווה? ואני מדגישה, אדוני, אני אומרת את זה בצורה מאוד מאוד ברורה. אני מבינה את הסד הזה שאתה נתון בו, זאת אומרת, אתה שר הפנים, אתה מייצג מפלגה חרדית; אני מכבדת את זה. אין לנו עניין להיכנס למלחמה עם היהדות החרדית ולא עם היהדות הדתית. אנחנו בכלל לא במקום הזה. אנחנו רוצים ""חיה ותן לחיות"", וכל קבוצה תעשה לה את עונג השבת שלה. ואם עונג השבת הזה כולל גם לקנות משהו בלילות שבת או בימי שבת בתל-אביב או במקומות אחרים, אני חושבת שצריך לבנות כאן את המתווה שיאפשר את זה בצורה מתונה. זה לא שעיריית תל-אביב היום באה ופתחה את כל בתי-העסק בתל-אביב. אם היא הייתה עושה את זה, אני בעצמי הייתי אומרת שזו לא החלטה נבונה. אני לא חושבת שצריך לעשות את זה. אבל לאפשר מין נוהג ונורמת חיים שכבר השתרשה, ועכשיו בכוח של חקיקה ובכוח של קואליציה, לשנות מצב שהוא מצב קיים בתל-אביב, אדוני היושב-ראש, אני חושבת שזו לא תהיה החלטה נכונה. אני באמת פונה אליך פנייה אישית. זה נכון שהציבור מתקומם והציבור לא יאהב את ההחלטה הזאת, ואני יודעת שיש עליך לחצים מהקהלים שלך. אבל יש ציבור גדול בישראל שלא יוכל לעבור לסדר-היום אם תתקבל החלטה שבעצם מונעת מעיריית תל-אביב לאשר את חוק העזר העירוני שהיא חוקקה. אני יודעת שאתה צריך ללכת בין הטיפות, אבל אני גם יודעת מה המשמעות אם תתקבל החלטה שאומרת לעיריית תל-אביב: חוקקתם? זה לא מעניין. לכן אני חושבת, אדוני, שיהיה נכון אם יעלה לפה השר ויאמר: יש לי סמכות שהיא סמכות עודפת שמקורה בימי המנדט הבריטי, בימים אחרים, כשהיה כאן נציב עליון בריטי שרצה להכתיב מהשלטון המרכזי ליישוב בארץ-ישראל איך לנהוג. היום יש לנו שלטון מרכזי, ממשלה חזקה, ראשי רשויות חכמים שיודעים לפעול בתבונה, רואים את צורכי היישוב שלהם, פועלים בצורה מסורה. ואני חוזרת ומדגישה, החלטות של ראשי ערים לגבי חוקי עזר כפופות לביקורת שיפוטית. אז אני מאתגרת אותך, אדוני. אולי תעלה לפה ותאמר לי: את יודעת מה, אני הולך על זה. תודה.

אדוני היושב-ראש, חברי חברי הכנסת, אדוני שר הפנים דרעי, אתה אלוף בהיסטוריה. אלוף. עמדת כאן על הדוכן, נתת תיאור כרונולוגי של שרי הפנים לפניך, תיאור מצב, ובסוף השארת אותנו ככה, בלי תשובה. אתה מוותר על הסמכות העודפת – כן או לא? אתה מחליט החלטה שמאזנת בין הצורך לשמור על השבת מצד אחד לבין הצורך של הציבור החילוני לעונג שבת משלו? אז מה סיפרת לנו? גדעון סער, גלעד ארדן, סילבן שלום. אבל מה אומר השר דרעי, חוץ מזה שהוא יפגוש את ראש עיריית תל-אביב – ידידך הטוב?

תזמין אותי גם, אוקיי. אז כבר עשינו משהו.

אז כבר עשינו משהו, אדוני. אדוני, בנימה יותר רצינית – –

– – באמת עומדת לפתחך אחריות כבדה, לא פשוטה. אחריות שצריכה לאזן בין מתווה מתון ומדוד, שהמליץ עליו ראש עיריית תל-אביב והמועצה קיבלה אותו ואישרה אותו, לבין לחצים מסוג אחר. אנחנו ערים לזה. ואני חושבת שאתה צריך להתגלות במלוא גדולתך ולאשר את חוק העזר העירוני ולתת את תשובת המדינה לבג""ץ. לא לאפשר עכשיו ללחצים כאלה ואחרים לשבש את שיקול הדעת שלך. כי היסטוריה וכרונולוגיה זה יפה, אבל מה בסוף – איך אומר ראש הממשלה שלך? – מה עם החיים עצמם? אנשים גרים בתל-אביב, אנשים יוצאים בתל-אביב. מה אנחנו רוצים עכשיו, לשנות סדרי עולם? אנחנו רוצים להתסיס את כל המדינה עכשיו? למה זה צריך להיות? אם סוגרים את הפיצוציות בתל-אביב, מחר זה אצטדיונים של כדורגל, מחר זה בתי-קולנוע. למה? למה צריך להביא למתח הזה? למה צריך להביא להורדת הידיים הזאת? אני סמוכה ובטוחה, אדוני השר, שאתה תשקול שיקול כולל ותביא את כל האלמנטים האלה בחשבון. תודה רבה.",3,
